{
    "dataset_info": {
        "n_samples": 251,
        "n_positive": 44
    },
    "metrics": {
        "ROC-AUC": {
            "mean": 0.6033157663592447,
            "ci_lower": 0.5054103148992991,
            "ci_upper": 0.6993149978174568
        },
        "PR-AUC": {
            "mean": 0.24393228427329633,
            "ci_lower": 0.16514561304377307,
            "ci_upper": 0.3763686836153551
        }
    },
    "confusion_matrix": [
        [
            165,
            42
        ],
        [
            27,
            17
        ]
    ]
}