{
    "dataset_info": {
        "n_samples": 251,
        "n_positive": 44
    },
    "learned_weights": {
        "p_clinical": 2.841547080403266,
        "p_genomic": 0.0002364224200453154,
        "p_imaging": 2.3988219304352674,
        "has_genomic": 0.0,
        "has_imaging": 0.00047284484008518115
    },
    "bias": -2.401875263808906,
    "performance_comparison": {
        "Clinical_Baseline": {
            "ROC-AUC": {
                "mean": 0.7314448836187967,
                "ci_lower": 0.6670113925045054,
                "ci_upper": 0.7911180100850455
            },
            "PR-AUC": {
                "mean": 0.2705113276282317,
                "ci_lower": 0.19098730818290038,
                "ci_upper": 0.36553584823477947
            },
            "Recall": 0.7727272727272727,
            "NPV": 0.9305555555555556,
            "Confusion_Matrix": [
                [
                    134,
                    73
                ],
                [
                    10,
                    34
                ]
            ]
        },
        "Imaging_Baseline": {
            "ROC-AUC": {
                "mean": 0.7229907773386035,
                "ci_lower": 0.6405384265437698,
                "ci_upper": 0.7922192645350823
            },
            "PR-AUC": {
                "mean": 0.29985842322684564,
                "ci_lower": 0.20154206684506512,
                "ci_upper": 0.41751058390885354
            },
            "Recall": 0.38636363636363635,
            "NPV": 0.865,
            "Confusion_Matrix": [
                [
                    173,
                    34
                ],
                [
                    27,
                    17
                ]
            ]
        },
        "Fusion_Model": {
            "ROC-AUC": {
                "mean": 0.7760210803689065,
                "ci_lower": 0.710566321110342,
                "ci_upper": 0.8386261454854603
            },
            "PR-AUC": {
                "mean": 0.34393112235384493,
                "ci_lower": 0.24226128041596898,
                "ci_upper": 0.46644012120616035
            },
            "Recall": 0.7954545454545454,
            "NPV": 0.9379310344827586,
            "Confusion_Matrix": [
                [
                    136,
                    71
                ],
                [
                    9,
                    35
                ]
            ]
        }
    },
    "risk_tiers": {
        "Low": 117,
        "Medium": 83,
        "High": 51
    }
}