{
    "dataset_info": {
        "n_samples": 110,
        "n_genes_raw": 19275,
        "n_genes_filtered": 1000,
        "n_positive": 8
    },
    "results": {
        "elastic_net": {
            "PR-AUC": {
                "mean": 0.16066935467782117,
                "ci_lower": 0.11075222367134492,
                "ci_upper": 0.2300726638181042
            },
            "ROC-AUC": {
                "mean": 0.7928921568627451,
                "ci_lower": 0.7340995234673969,
                "ci_upper": 0.8471732673433862
            },
            "Brier Score": {
                "mean": 0.08656351660345453,
                "ci_lower": 0.07142814240173764,
                "ci_upper": 0.10320808198017065
            },
            "Recall @ 90% Spec": {
                "mean": 0.2,
                "ci_lower": 0.09090909090909091,
                "ci_upper": 0.45720077220077215
            },
            "Recall @ 95% Spec": {
                "mean": 0.075,
                "ci_lower": 0.0,
                "ci_upper": 0.20456002331002332
            },
            "F1 Score": {
                "mean": 0.125,
                "ci_lower": 0.029411764705882353,
                "ci_upper": 0.22862637362637356
            }
        },
        "lightgbm": {
            "PR-AUC": {
                "mean": 0.11364884412642737,
                "ci_lower": 0.07623718714145142,
                "ci_upper": 0.16654626680861914
            },
            "ROC-AUC": {
                "mean": 0.6865686274509804,
                "ci_lower": 0.606297935976961,
                "ci_upper": 0.7509825023470142
            },
            "Brier Score": {
                "mean": 0.09540956813135934,
                "ci_lower": 0.07901691877807675,
                "ci_upper": 0.11374763114211231
            },
            "Recall @ 90% Spec": {
                "mean": 0.15,
                "ci_lower": 0.05555555555555555,
                "ci_upper": 0.35003378378378375
            },
            "Recall @ 95% Spec": {
                "mean": 0.05,
                "ci_lower": 0.0,
                "ci_upper": 0.16237640079103474
            },
            "F1 Score": {
                "mean": 0.14634146341463414,
                "ci_lower": 0.04938271604938271,
                "ci_upper": 0.2472612359550561
            }
        }
    }
}