{
    "ElasticNet": {
        "ROC-AUC": 0.9278779472954231,
        "PR-AUC": 0.4555654245503869,
        "Brier_Score": 0.051333329783167556
    },
    "LightGBM": {
        "ROC-AUC": 0.710124826629681,
        "PR-AUC": 0.25674645290957643,
        "Brier_Score": 0.05777115069985249
    },
    "MLP": {
        "ROC-AUC": 0.9611650485436893,
        "PR-AUC": 0.5882086167800453,
        "Brier_Score": 0.08137723803520203
    }
}