{
    "ElasticNet": {
        "ROC-AUC": 0.642156862745098,
        "ROC-AUC_CI": [
            0.5094261068633759,
            0.7656033287101248
        ],
        "PR-AUC": 0.10286640148659965,
        "PR-AUC_CI": [
            0.0490899919116831,
            0.2064618680420561
        ],
        "Brier_Score": 0.06795092916127671
    },
    "LightGBM": {
        "ROC-AUC": 0.3615196078431373,
        "ROC-AUC_CI": [
            0.16279680051338466,
            0.5784753052164262
        ],
        "PR-AUC": 0.061953210117841856,
        "PR-AUC_CI": [
            0.0281371714705048,
            0.13352884155754738
        ],
        "Brier_Score": 0.06924182843822313
    },
    "MLP": {
        "ROC-AUC": 0.8455882352941175,
        "ROC-AUC_CI": [
            0.7465897435897435,
            0.9237193712436431
        ],
        "PR-AUC": 0.2191202270381837,
        "PR-AUC_CI": [
            0.1004191991055334,
            0.4415628372561145
        ],
        "Brier_Score": 0.11897962540388107
    }
}