{
    "LightGBM": {
        "Accuracy": 0.7686445291235711,
        "Precision": 0.12717219589257503,
        "Recall": 0.486404833836858,
        "F1": 0.2016280525986224,
        "ROC-AUC": 0.7186133047160237,
        "PR-AUC": 0.1898154243347698,
        "Brier_Score": 0.05294372589255217,
        "MCC": 0.1542481704137498,
        "Specificity": 0.7866795366795367,
        "NPV": 0.9599528857479388,
        "Balanced_Accuracy": 0.6365421852581974,
        "Recall_at_90_Specificity": 0.25075528700906347,
        "Confusion_Matrix": {
            "TN": 4075,
            "FP": 1105,
            "FN": 170,
            "TP": 161
        },
        "Threshold_Used": 0.08
    },
    "XGBoost": {
        "Accuracy": 0.7646525131555072,
        "Precision": 0.1267387944358578,
        "Recall": 0.4954682779456193,
        "F1": 0.20184615384615384,
        "ROC-AUC": 0.7164611741651017,
        "PR-AUC": 0.18100046349136586,
        "Brier_Score": 0.05317476158988767,
        "MCC": 0.15545101866883498,
        "Specificity": 0.7818532818532818,
        "NPV": 0.9603983874792507,
        "Balanced_Accuracy": 0.6386607798994506,
        "Recall_at_90_Specificity": 0.24169184290030213,
        "Confusion_Matrix": {
            "TN": 4050,
            "FP": 1130,
            "FN": 167,
            "TP": 164
        },
        "Threshold_Used": 0.08
    },
    "CatBoost": {
        "Accuracy": 0.7494102703683542,
        "Precision": 0.12121212121212122,
        "Recall": 0.5075528700906344,
        "F1": 0.1956901572510192,
        "ROC-AUC": 0.7117833521912071,
        "PR-AUC": 0.17985671455006644,
        "Brier_Score": 0.053133509609790096,
        "MCC": 0.14918345564296515,
        "Specificity": 0.7648648648648648,
        "NPV": 0.9604848484848485,
        "Balanced_Accuracy": 0.6362088674777496,
        "Recall_at_90_Specificity": 0.22054380664652568,
        "Confusion_Matrix": {
            "TN": 3962,
            "FP": 1218,
            "FN": 163,
            "TP": 168
        },
        "Threshold_Used": 0.08
    }
}