{
    "LightGBM": {
        "Accuracy": 0.6922518599165306,
        "Precision": 0.1141888072357264,
        "Recall": 0.6102719033232629,
        "F1": 0.19238095238095237,
        "ROC-AUC": 0.7084248037420242,
        "PR-AUC": 0.15708444569240224,
        "MCC": 0.15663125158526633,
        "Specificity": 0.6974903474903474,
        "NPV": 0.9655264564404062,
        "Balanced_Accuracy": 0.6538811254068051,
        "Confusion_Matrix": {
            "TN": 3613,
            "FP": 1567,
            "FN": 129,
            "TP": 202
        },
        "Threshold_Used": 0.05
    },
    "XGBoost": {
        "Accuracy": 0.7035020867356196,
        "Precision": 0.11150864639236732,
        "Recall": 0.5649546827794562,
        "F1": 0.18625498007968128,
        "ROC-AUC": 0.7007427474950133,
        "PR-AUC": 0.1459307403856861,
        "MCC": 0.14320284883774959,
        "Specificity": 0.7123552123552124,
        "NPV": 0.9624413145539906,
        "Balanced_Accuracy": 0.6386549475673342,
        "Confusion_Matrix": {
            "TN": 3690,
            "FP": 1490,
            "FN": 144,
            "TP": 187
        },
        "Threshold_Used": 0.06999999999999999
    },
    "CatBoost": {
        "Accuracy": 0.7216476138631828,
        "Precision": 0.11712285168682368,
        "Recall": 0.5558912386706949,
        "F1": 0.19348054679284962,
        "ROC-AUC": 0.6935185293191336,
        "PR-AUC": 0.14132092680654737,
        "MCC": 0.15164639426826906,
        "Specificity": 0.7322393822393822,
        "NPV": 0.9626903553299493,
        "Balanced_Accuracy": 0.6440653104550386,
        "Confusion_Matrix": {
            "TN": 3793,
            "FP": 1387,
            "FN": 147,
            "TP": 184
        },
        "Threshold_Used": 0.060000000000000005
    }
}