{
    "AUC": 0.661054602293273,
    "AUPRC": 0.12260742708771846,
    "Sensitivity": 0.0,
    "Specificity": 1.0,
    "Balanced_Accuracy": 0.5,
    "AUC_CI_95": [
        0.6311284919478174,
        0.6909367235452057
    ],
    "AUPRC_CI_95": [
        0.10037080122908139,
        0.15117166514888555
    ]
}