{
    "AUC": 0.7311895624584448,
    "AUPRC": 0.20822868535050473,
    "Sensitivity": 0.6283987915407855,
    "Specificity": 0.6988416988416989,
    "Balanced_Accuracy": 0.6636202451912422,
    "AUC_CI_95": [
        0.7041283698165354,
        0.7591624306178041
    ],
    "AUPRC_CI_95": [
        0.167716642749994,
        0.2579160120240346
    ]
}