{
  "AUC": 0.7207698095160331,
  "AUPRC": 0.19951427131986782,
  "Sensitivity": 0.6072507552870091,
  "Specificity": 0.705019305019305,
  "Balanced_Accuracy": 0.656135030153157,
  "scale_pos_weight": 15.67704280155642
}